code,avg_division,n_votes
ECR,0.23490847096394632,2204
EPP,0.06904042993234748,2204
ESN,0.1845386248560585,397
GREEN_EFA,0.05670653698418193,2204
GUE_NGL,0.19215797084497077,2204
GUE_NGL_1995_0,0.08333333333333333,61
ID,0.30906778050225553,1807
NI,0.32230210088141187,2204
PFE,0.23209324980926127,397
RENEW,0.060150572254935926,2204
SD,0.03583605534418581,2204
